model,dataset,beam,samples,origin_path,tree_path,memory_gain_x,memory_savings_pct,speed_gain_x,speedup_pct,peak_over_model_gain_x,score_delta_mean,origin_count,tree_count,origin_mean_input_len,tree_mean_input_len,origin_mean_output_len,tree_mean_output_len,origin_mean_model_memory,tree_mean_model_memory,origin_mean_input_kv_memory,tree_mean_input_kv_memory,origin_mean_peak_memory,tree_mean_peak_memory,origin_mean_peak_over_model,tree_mean_peak_over_model,origin_mean_mem_per_token,tree_mean_mem_per_token,origin_mean_time_taken,tree_mean_time_taken,origin_mean_tok_per_sec,tree_mean_tok_per_sec,origin_mean_score,tree_mean_score
LLAMA3,HUMAN_EVAL,15,1000,reproduction/final_out/LLAMA3/origin/HUMAN_EVAL/15_1000.jsonl,reproduction/final_out/LLAMA3/tree/HUMAN_EVAL/15_1000.jsonl,4.135614604586313,75.81979716168378,2.7004655835795908,170.04655835795907,4.248974281577414,0.0,164.0,164.0,169.4268292682927,169.4268292682927,64.07317073170732,63.609756097560975,32230.0,32155.14295258537,32875.32308292683,32203.387947707317,33124.34939004878,32365.628903024393,894.3493900487807,210.48595043902154,3.8212311730397652,0.9239814485619857,16.8684576575349,6.671555907261081,3.623715148511467,9.785718043251222,0.6463414634146342,0.6463414634146342
MISTRAL,HUMAN_EVAL,15,1000,reproduction/final_out/MISTRAL/origin/HUMAN_EVAL/15_1000.jsonl,reproduction/final_out/MISTRAL/tree/HUMAN_EVAL/15_1000.jsonl,3.9412840989577878,74.62755855979945,0.6860640700957297,-31.39359299042703,3.9173324061130774,0.0,40.0,40.0,134.025,134.025,76.725,76.725,47179.019904,47178.8877568,47537.742924800004,47237.7357696,47734.0724864,47320.5792256,555.0525824000003,141.69146880000008,2.662137142103898,0.6754491874381396,8.597734832763672,14.895160752534867,8.559554166634856,5.87240256976637,0.9,0.9
PHI35,HUMAN_EVAL,15,1000,reproduction/final_out/PHI35/origin/HUMAN_EVAL/15_1000.jsonl,reproduction/final_out/PHI35/tree/HUMAN_EVAL/15_1000.jsonl,5.077721194233246,80.30612627696658,1.1017469392327033,10.174693923270329,5.159297638190176,0.0,164.0,164.0,181.64634146341464,181.64634146341464,95.57317073170732,94.60365853658537,15376.0,15293.381285463414,19626.100383219513,15585.103569170733,19685.752101463415,16128.718264195122,4309.752101463415,835.3369787317073,15.60190145175607,3.0726187703009584,11.712681965130132,10.645219155927984,8.351371325347634,9.20109779609752,0.7012195121951219,0.7012195121951219
