model,dataset,beam,samples,origin_path,tree_path,memory_gain_x,memory_savings_pct,speed_gain_x,speedup_pct,peak_over_model_gain_x,score_delta_mean,origin_count,tree_count,origin_mean_input_len,tree_mean_input_len,origin_mean_output_len,tree_mean_output_len,origin_mean_model_memory,tree_mean_model_memory,origin_mean_input_kv_memory,tree_mean_input_kv_memory,origin_mean_peak_memory,tree_mean_peak_memory,origin_mean_peak_over_model,tree_mean_peak_over_model,origin_mean_mem_per_token,tree_mean_mem_per_token,origin_mean_time_taken,tree_mean_time_taken,origin_mean_tok_per_sec,tree_mean_tok_per_sec,origin_mean_score,tree_mean_score
LLAMA3,HUMAN_EVAL,9,1000,reproduction/final_out/LLAMA3/origin/HUMAN_EVAL/9_1000.jsonl,reproduction/final_out/LLAMA3/tree/HUMAN_EVAL/9_1000.jsonl,3.155490059822441,68.30920139053552,2.6570167321194686,165.70167321194685,3.3110699579588347,-0.0060975609756097615,164.0,164.0,169.4268292682927,169.4268292682927,65.7439024390244,63.93292682926829,32230.0,32155.14295882927,32588.686788682928,32203.387953951224,32739.143670634145,32308.913092682928,509.14367063414636,153.77013385365515,2.141537618144867,0.6786703737122122,15.898195374302748,6.074856164978772,3.979069569553218,10.572454424570312,0.6585365853658537,0.6524390243902439
MISTRAL,HUMAN_EVAL,9,1000,reproduction/final_out/MISTRAL/origin/HUMAN_EVAL/9_1000.jsonl,reproduction/final_out/MISTRAL/tree/HUMAN_EVAL/9_1000.jsonl,3.272862627813098,69.44570812407753,0.7456252446991806,-25.437475530081944,3.1967154307372816,0.0,40.0,40.0,134.025,134.025,79.075,81.2,47178.966771199994,47178.8877696,47395.865152,47237.7357824,47520.363212799995,47285.683776000005,341.39644160000006,106.7960064000008,1.6122231875582536,0.49260337841784974,8.784965050220489,13.957661294937134,8.923435141872798,6.653538511216172,0.9,0.9
PHI35,HUMAN_EVAL,9,1000,reproduction/final_out/PHI35/origin/HUMAN_EVAL/9_1000.jsonl,reproduction/final_out/PHI35/tree/HUMAN_EVAL/9_1000.jsonl,4.259787253492599,76.52464922561332,1.0962749639430402,9.627496394304025,4.263231916463406,0.012195121951219523,164.0,164.0,181.64634146341464,181.64634146341464,94.60975609756098,95.48780487804878,15376.0,15293.381288585366,17897.142827707317,15585.103572292683,17926.775642536588,15891.700988878047,2550.775642536585,598.3197002926829,9.260862386559324,2.1740199299780394,10.168714844599002,9.44912648346366,9.367473598940613,10.269326781916002,0.6890243902439024,0.7012195121951219
